,Magnitude,PCA,Granger,DMD,Influence,MutualInfo
Magnitude,1.0,,,,,
PCA,,1.0,-0.14285714285714288,-0.48571428571428577,,-0.7714285714285715
Granger,,-0.14285714285714288,1.0,-0.48571428571428577,,0.2571428571428572
DMD,,-0.48571428571428577,-0.48571428571428577,1.0,,0.6
Influence,,,,,1.0,
MutualInfo,,-0.7714285714285715,0.2571428571428572,0.6,,1.0
